000.png,http://pic.pimg.tw/ronnywang/1429329695-1958754965.png,http://ronnywang.pixnet.net/album/photo/152714923
001.png,http://pic.pimg.tw/ronnywang/1429329729-2961017955.png,http://ronnywang.pixnet.net/album/photo/152714974
002.png,http://pic.pimg.tw/ronnywang/1429329756-1146086694.png,http://ronnywang.pixnet.net/album/photo/152714977
003.png,http://pic.pimg.tw/ronnywang/1429329779-1754369965.png,http://ronnywang.pixnet.net/album/photo/152714980
004.png,http://pic.pimg.tw/ronnywang/1429329806-4027391686.png,http://ronnywang.pixnet.net/album/photo/152714983
005.png,http://pic.pimg.tw/ronnywang/1429329835-456081372.png,http://ronnywang.pixnet.net/album/photo/152714989
006.png,http://pic.pimg.tw/ronnywang/1429329863-2687448836.png,http://ronnywang.pixnet.net/album/photo/152714992
007.png,http://pic.pimg.tw/ronnywang/1429329892-988264562.png,http://ronnywang.pixnet.net/album/photo/152714995
008.png,http://pic.pimg.tw/ronnywang/1429329921-3522566924.png,http://ronnywang.pixnet.net/album/photo/152714998
009.png,http://pic.pimg.tw/ronnywang/1429329956-583583455.png,http://ronnywang.pixnet.net/album/photo/152715001
010.png,http://pic.pimg.tw/ronnywang/1429329985-1552993148.png,http://ronnywang.pixnet.net/album/photo/152715013
011.png,http://pic.pimg.tw/ronnywang/1429330012-2966711855.png,http://ronnywang.pixnet.net/album/photo/152715016
012.png,http://pic.pimg.tw/ronnywang/1429330034-459759994.png,http://ronnywang.pixnet.net/album/photo/152715019
013.png,http://pic.pimg.tw/ronnywang/1429330064-1141674527.png,http://ronnywang.pixnet.net/album/photo/152715022
014.png,http://pic.pimg.tw/ronnywang/1429330095-3961547541.png,http://ronnywang.pixnet.net/album/photo/152715025
015.png,http://pic.pimg.tw/ronnywang/1429330126-1552396772.png,http://ronnywang.pixnet.net/album/photo/152715028
016.png,http://pic.pimg.tw/ronnywang/1429330155-3362545915.png,http://ronnywang.pixnet.net/album/photo/152715040
017.png,http://pic.pimg.tw/ronnywang/1429330178-3058152450.png,http://ronnywang.pixnet.net/album/photo/152715043
018.png,http://pic.pimg.tw/ronnywang/1429330205-717282216.png,http://ronnywang.pixnet.net/album/photo/152715046
019.png,http://pic.pimg.tw/ronnywang/1429330299-1351265611.png,http://ronnywang.pixnet.net/album/photo/152715049
020.png,http://pic.pimg.tw/ronnywang/1429330322-3573313510.png,http://ronnywang.pixnet.net/album/photo/152715052
021.png,http://pic.pimg.tw/ronnywang/1429330371-2288783144.png,http://ronnywang.pixnet.net/album/photo/152715055
022.png,http://pic.pimg.tw/ronnywang/1429330400-1682422506.png,http://ronnywang.pixnet.net/album/photo/152715058
023.png,http://pic.pimg.tw/ronnywang/1429330429-980333105.png,http://ronnywang.pixnet.net/album/photo/152715061
024.png,http://pic.pimg.tw/ronnywang/1429330456-2824268118.png,http://ronnywang.pixnet.net/album/photo/152715064
025.png,http://pic.pimg.tw/ronnywang/1429330481-3751256822.png,http://ronnywang.pixnet.net/album/photo/152715067
026.png,http://pic.pimg.tw/ronnywang/1429330519-1587986811.png,http://ronnywang.pixnet.net/album/photo/152715070
027.png,http://pic.pimg.tw/ronnywang/1429330544-2756689835.png,http://ronnywang.pixnet.net/album/photo/152715073
028.png,http://pic.pimg.tw/ronnywang/1429330568-933203659.png,http://ronnywang.pixnet.net/album/photo/152715076
029.png,http://pic.pimg.tw/ronnywang/1429330592-2244246619.png,http://ronnywang.pixnet.net/album/photo/152715079
030.png,http://pic.pimg.tw/ronnywang/1429330616-3436135569.png,http://ronnywang.pixnet.net/album/photo/152715082
031.png,http://pic.pimg.tw/ronnywang/1429330641-1907994042.png,http://ronnywang.pixnet.net/album/photo/152715085
032.png,http://pic.pimg.tw/ronnywang/1429330669-1313796476.png,http://ronnywang.pixnet.net/album/photo/152715088
033.png,http://pic.pimg.tw/ronnywang/1429330708-1858862559.png,http://ronnywang.pixnet.net/album/photo/152715091
034.png,http://pic.pimg.tw/ronnywang/1429330730-4271354001.png,http://ronnywang.pixnet.net/album/photo/152715094
035.png,http://pic.pimg.tw/ronnywang/1429330752-4013376784.png,http://ronnywang.pixnet.net/album/photo/152715097
036.png,http://pic.pimg.tw/ronnywang/1429330780-1371828148.png,http://ronnywang.pixnet.net/album/photo/152715100
037.png,http://pic.pimg.tw/ronnywang/1429330806-3347256149.png,http://ronnywang.pixnet.net/album/photo/152715103
038.png,http://pic.pimg.tw/ronnywang/1429330833-3293493502.png,http://ronnywang.pixnet.net/album/photo/152715106
039.png,http://pic.pimg.tw/ronnywang/1429330864-493536453.png,http://ronnywang.pixnet.net/album/photo/152715112
040.png,http://pic.pimg.tw/ronnywang/1429330888-3882805282.png,http://ronnywang.pixnet.net/album/photo/152715115
041.png,http://pic.pimg.tw/ronnywang/1429330912-3556877703.png,http://ronnywang.pixnet.net/album/photo/152715118
042.png,http://pic.pimg.tw/ronnywang/1429330938-2886964606.png,http://ronnywang.pixnet.net/album/photo/152715151
043.png,http://pic.pimg.tw/ronnywang/1429330993-1761881020.png,http://ronnywang.pixnet.net/album/photo/152715154
044.png,http://pic.pimg.tw/ronnywang/1429331014-3240536403.png,http://ronnywang.pixnet.net/album/photo/152715157
045.png,http://pic.pimg.tw/ronnywang/1429331037-2601056979.png,http://ronnywang.pixnet.net/album/photo/152715160
046.png,http://pic.pimg.tw/ronnywang/1429331058-1321648744.png,http://ronnywang.pixnet.net/album/photo/152715163
047.png,http://pic.pimg.tw/ronnywang/1429331080-2489125366.png,http://ronnywang.pixnet.net/album/photo/152715166
048.png,http://pic.pimg.tw/ronnywang/1429331111-2560385563.png,http://ronnywang.pixnet.net/album/photo/152715169
049.png,http://pic.pimg.tw/ronnywang/1429331134-3952309985.png,http://ronnywang.pixnet.net/album/photo/152715172
050.png,http://pic.pimg.tw/ronnywang/1429331156-4293450970.png,http://ronnywang.pixnet.net/album/photo/152715175
051.png,http://pic.pimg.tw/ronnywang/1429331177-3518246735.png,http://ronnywang.pixnet.net/album/photo/152715178
052.png,http://pic.pimg.tw/ronnywang/1429331199-3822735702.png,http://ronnywang.pixnet.net/album/photo/152715181
053.png,http://pic.pimg.tw/ronnywang/1429331219-4108189282.png,http://ronnywang.pixnet.net/album/photo/152715184
054.png,http://pic.pimg.tw/ronnywang/1429331244-640798705.png,http://ronnywang.pixnet.net/album/photo/152715187
055.png,http://pic.pimg.tw/ronnywang/1429331265-978806921.png,http://ronnywang.pixnet.net/album/photo/152715190
056.png,http://pic.pimg.tw/ronnywang/1429331287-2862994029.png,http://ronnywang.pixnet.net/album/photo/152715193
057.png,http://pic.pimg.tw/ronnywang/1429331310-2611754338.png,http://ronnywang.pixnet.net/album/photo/152715196
058.png,http://pic.pimg.tw/ronnywang/1429331332-351791148.png,http://ronnywang.pixnet.net/album/photo/152715199
059.png,http://pic.pimg.tw/ronnywang/1429331355-1360929480.png,http://ronnywang.pixnet.net/album/photo/152715202
060.png,http://pic.pimg.tw/ronnywang/1429331383-587729598.png,http://ronnywang.pixnet.net/album/photo/152715205
061.png,http://pic.pimg.tw/ronnywang/1429331409-2197486657.png,http://ronnywang.pixnet.net/album/photo/152715208
062.png,http://pic.pimg.tw/ronnywang/1429331431-308677336.png,http://ronnywang.pixnet.net/album/photo/152715211
063.png,http://pic.pimg.tw/ronnywang/1429331457-770043041.png,http://ronnywang.pixnet.net/album/photo/152715214
064.png,http://pic.pimg.tw/ronnywang/1429331491-2454349125.png,http://ronnywang.pixnet.net/album/photo/152715217
065.png,http://pic.pimg.tw/ronnywang/1429331517-2007200610.png,http://ronnywang.pixnet.net/album/photo/152715220
066.png,http://pic.pimg.tw/ronnywang/1429331539-792706719.png,http://ronnywang.pixnet.net/album/photo/152715223
067.png,http://pic.pimg.tw/ronnywang/1429331566-3632971897.png,http://ronnywang.pixnet.net/album/photo/152715226
068.png,http://pic.pimg.tw/ronnywang/1429331592-169725457.png,http://ronnywang.pixnet.net/album/photo/152715229
069.png,http://pic.pimg.tw/ronnywang/1429331629-3169635321.png,http://ronnywang.pixnet.net/album/photo/152715232
070.png,http://pic.pimg.tw/ronnywang/1429331659-3961817661.png,http://ronnywang.pixnet.net/album/photo/152715235
071.png,http://pic.pimg.tw/ronnywang/1429331715-3245382717.png,http://ronnywang.pixnet.net/album/photo/152715244
072.png,http://pic.pimg.tw/ronnywang/1429331753-2000432334.png,http://ronnywang.pixnet.net/album/photo/152715247
073.png,http://pic.pimg.tw/ronnywang/1429331784-2935053039.png,http://ronnywang.pixnet.net/album/photo/152715250
074.png,http://pic.pimg.tw/ronnywang/1429331815-2315885464.png,http://ronnywang.pixnet.net/album/photo/152715253
075.png,http://pic.pimg.tw/ronnywang/1429331856-1728719728.png,http://ronnywang.pixnet.net/album/photo/152715256
076.png,http://pic.pimg.tw/ronnywang/1429331877-2117542721.png,http://ronnywang.pixnet.net/album/photo/152715259
077.png,http://pic.pimg.tw/ronnywang/1429331899-2891648535.png,http://ronnywang.pixnet.net/album/photo/152715262
078.png,http://pic.pimg.tw/ronnywang/1429331925-549176804.png,http://ronnywang.pixnet.net/album/photo/152715265
079.png,http://pic.pimg.tw/ronnywang/1429331954-4226790825.png,http://ronnywang.pixnet.net/album/photo/152715268
080.png,http://pic.pimg.tw/ronnywang/1429331977-2696892249.png,http://ronnywang.pixnet.net/album/photo/152715271
081.png,http://pic.pimg.tw/ronnywang/1429332015-1670050619.png,http://ronnywang.pixnet.net/album/photo/152715274
082.png,http://pic.pimg.tw/ronnywang/1429332073-2248028333.png,http://ronnywang.pixnet.net/album/photo/152715304
083.png,http://pic.pimg.tw/ronnywang/1429332101-614134095.png,http://ronnywang.pixnet.net/album/photo/152715307
084.png,http://pic.pimg.tw/ronnywang/1429332136-3800588002.png,http://ronnywang.pixnet.net/album/photo/152715310
085.png,http://pic.pimg.tw/ronnywang/1429332163-755589963.png,http://ronnywang.pixnet.net/album/photo/152715313
086.png,http://pic.pimg.tw/ronnywang/1429332195-3434497328.png,http://ronnywang.pixnet.net/album/photo/152715322
087.png,http://pic.pimg.tw/ronnywang/1429332226-1553089275.png,http://ronnywang.pixnet.net/album/photo/152715328
088.png,http://pic.pimg.tw/ronnywang/1429332274-2510047152.png,http://ronnywang.pixnet.net/album/photo/152715331
089.png,http://pic.pimg.tw/ronnywang/1429332295-1744846966.png,http://ronnywang.pixnet.net/album/photo/152715334
090.png,http://pic.pimg.tw/ronnywang/1429332327-2790640965.png,http://ronnywang.pixnet.net/album/photo/152715337
091.png,http://pic.pimg.tw/ronnywang/1429332360-444937922.png,http://ronnywang.pixnet.net/album/photo/152715340
092.png,http://pic.pimg.tw/ronnywang/1429332381-3026264690.png,http://ronnywang.pixnet.net/album/photo/152715343
093.png,http://pic.pimg.tw/ronnywang/1429332418-3135244169.png,http://ronnywang.pixnet.net/album/photo/152715346
094.png,http://pic.pimg.tw/ronnywang/1429332447-1174992997.png,http://ronnywang.pixnet.net/album/photo/152715349
095.png,http://pic.pimg.tw/ronnywang/1429332470-1823257616.png,http://ronnywang.pixnet.net/album/photo/152715352
096.png,http://pic.pimg.tw/ronnywang/1429332498-60628882.png,http://ronnywang.pixnet.net/album/photo/152715355
097.png,http://pic.pimg.tw/ronnywang/1429332531-2430996286.png,http://ronnywang.pixnet.net/album/photo/152715373
098.png,http://pic.pimg.tw/ronnywang/1429332583-2234697187.png,http://ronnywang.pixnet.net/album/photo/152715379
099.png,http://pic.pimg.tw/ronnywang/1429332622-1231382416.png,http://ronnywang.pixnet.net/album/photo/152715388
100.png,http://pic.pimg.tw/ronnywang/1429332648-4096312260.png,http://ronnywang.pixnet.net/album/photo/152715394
101.png,http://pic.pimg.tw/ronnywang/1429332676-1871743579.png,http://ronnywang.pixnet.net/album/photo/152715415
102.png,http://pic.pimg.tw/ronnywang/1429332725-2600969502.png,http://ronnywang.pixnet.net/album/photo/152715433
103.png,http://pic.pimg.tw/ronnywang/1429332747-564124863.png,http://ronnywang.pixnet.net/album/photo/152715442
104.png,http://pic.pimg.tw/ronnywang/1429332801-1153029663.png,http://ronnywang.pixnet.net/album/photo/152715445
105.png,http://pic.pimg.tw/ronnywang/1429332828-2521308454.png,http://ronnywang.pixnet.net/album/photo/152715448
106.png,http://pic.pimg.tw/ronnywang/1429332850-1759069791.png,http://ronnywang.pixnet.net/album/photo/152715451
107.png,http://pic.pimg.tw/ronnywang/1429332926-667839776.png,http://ronnywang.pixnet.net/album/photo/152715454
108.png,http://pic.pimg.tw/ronnywang/1429332953-1486251055.png,http://ronnywang.pixnet.net/album/photo/152715457
109.png,http://pic.pimg.tw/ronnywang/1429332974-2219422138.png,http://ronnywang.pixnet.net/album/photo/152715460
110.png,http://pic.pimg.tw/ronnywang/1429333002-1402306218.png,http://ronnywang.pixnet.net/album/photo/152715463
111.png,http://pic.pimg.tw/ronnywang/1429333029-1046357381.png,http://ronnywang.pixnet.net/album/photo/152715466
112.png,http://pic.pimg.tw/ronnywang/1429333066-3281673304.png,http://ronnywang.pixnet.net/album/photo/152715469
113.png,http://pic.pimg.tw/ronnywang/1429333090-2652660156.png,http://ronnywang.pixnet.net/album/photo/152715472
114.png,http://pic.pimg.tw/ronnywang/1429333111-3885889603.png,http://ronnywang.pixnet.net/album/photo/152715475
115.png,http://pic.pimg.tw/ronnywang/1429333138-2003968718.png,http://ronnywang.pixnet.net/album/photo/152715478
116.png,http://pic.pimg.tw/ronnywang/1429333188-661373975.png,http://ronnywang.pixnet.net/album/photo/152715481
117.png,http://pic.pimg.tw/ronnywang/1429333212-2314880285.png,http://ronnywang.pixnet.net/album/photo/152715484
118.png,http://pic.pimg.tw/ronnywang/1429333239-3774475482.png,http://ronnywang.pixnet.net/album/photo/152715487
119.png,http://pic.pimg.tw/ronnywang/1429333266-2382016093.png,http://ronnywang.pixnet.net/album/photo/152715490
120.png,http://pic.pimg.tw/ronnywang/1429338520-3877937725.png,http://ronnywang.pixnet.net/album/photo/152716222
121.png,http://pic.pimg.tw/ronnywang/1429338552-3458161769.png,http://ronnywang.pixnet.net/album/photo/152716225
122.png,http://pic.pimg.tw/ronnywang/1429338576-1532493643.png,http://ronnywang.pixnet.net/album/photo/152716231
123.png,http://pic.pimg.tw/ronnywang/1429338602-1100946339.png,http://ronnywang.pixnet.net/album/photo/152716234
124.png,http://pic.pimg.tw/ronnywang/1429338635-1822968615.png,http://ronnywang.pixnet.net/album/photo/152716240
125.png,http://pic.pimg.tw/ronnywang/1429338662-1438571933.png,http://ronnywang.pixnet.net/album/photo/152716243
126.png,http://pic.pimg.tw/ronnywang/1429338688-3914194748.png,http://ronnywang.pixnet.net/album/photo/152716249
127.png,http://pic.pimg.tw/ronnywang/1429338723-2525726244.png,http://ronnywang.pixnet.net/album/photo/152716252
128.png,http://pic.pimg.tw/ronnywang/1429338744-2645201804.png,http://ronnywang.pixnet.net/album/photo/152716258
129.png,http://pic.pimg.tw/ronnywang/1429338776-2043628595.png,http://ronnywang.pixnet.net/album/photo/152716264
130.png,http://pic.pimg.tw/ronnywang/1429338808-1662445397.png,http://ronnywang.pixnet.net/album/photo/152716267
131.png,http://pic.pimg.tw/ronnywang/1429338835-1395849077.png,http://ronnywang.pixnet.net/album/photo/152716276
132.png,http://pic.pimg.tw/ronnywang/1429338861-2376404747.png,http://ronnywang.pixnet.net/album/photo/152716279
133.png,http://pic.pimg.tw/ronnywang/1429338884-1484192020.png,http://ronnywang.pixnet.net/album/photo/152716282
134.png,http://pic.pimg.tw/ronnywang/1429338906-3483792414.png,http://ronnywang.pixnet.net/album/photo/152716288
135.png,http://pic.pimg.tw/ronnywang/1429338929-3680780871.png,http://ronnywang.pixnet.net/album/photo/152716291
136.png,http://pic.pimg.tw/ronnywang/1429338950-1356731736.png,http://ronnywang.pixnet.net/album/photo/152716297
137.png,http://pic.pimg.tw/ronnywang/1429338977-4082658532.png,http://ronnywang.pixnet.net/album/photo/152716303
138.png,http://pic.pimg.tw/ronnywang/1429339017-669393849.png,http://ronnywang.pixnet.net/album/photo/152716306
139.png,http://pic.pimg.tw/ronnywang/1429339050-4075232586.png,http://ronnywang.pixnet.net/album/photo/152716312
140.png,http://pic.pimg.tw/ronnywang/1429339074-2698143446.png,http://ronnywang.pixnet.net/album/photo/152716315
141.png,http://pic.pimg.tw/ronnywang/1429339094-2585690815.png,http://ronnywang.pixnet.net/album/photo/152716321
142.png,http://pic.pimg.tw/ronnywang/1429339129-1673123638.png,http://ronnywang.pixnet.net/album/photo/152716324
143.png,http://pic.pimg.tw/ronnywang/1429339152-78625400.png,http://ronnywang.pixnet.net/album/photo/152716330
144.png,http://pic.pimg.tw/ronnywang/1429339179-1905832881.png,http://ronnywang.pixnet.net/album/photo/152716333
145.png,http://pic.pimg.tw/ronnywang/1429339202-1274976322.png,http://ronnywang.pixnet.net/album/photo/152716339
146.png,http://pic.pimg.tw/ronnywang/1429339230-1019701937.png,http://ronnywang.pixnet.net/album/photo/152716342
147.png,http://pic.pimg.tw/ronnywang/1429339258-3206564583.png,http://ronnywang.pixnet.net/album/photo/152716348
148.png,http://pic.pimg.tw/ronnywang/1429339281-210776455.png,http://ronnywang.pixnet.net/album/photo/152716351
149.png,http://pic.pimg.tw/ronnywang/1429339303-3865371238.png,http://ronnywang.pixnet.net/album/photo/152716354
150.png,http://pic.pimg.tw/ronnywang/1429339662-3490807907.png,http://ronnywang.pixnet.net/album/photo/152716378
151.png,http://pic.pimg.tw/ronnywang/1429339686-1277333212.png,http://ronnywang.pixnet.net/album/photo/152716384
152.png,http://pic.pimg.tw/ronnywang/1429339715-1584002994.png,http://ronnywang.pixnet.net/album/photo/152716414
153.png,http://pic.pimg.tw/ronnywang/1429339772-3450924380.png,http://ronnywang.pixnet.net/album/photo/152716420
154.png,http://pic.pimg.tw/ronnywang/1429340039-1585521869.png,http://ronnywang.pixnet.net/album/photo/152716438
155.png,http://pic.pimg.tw/ronnywang/1429340069-1079495685.png,http://ronnywang.pixnet.net/album/photo/152716441
156.png,http://pic.pimg.tw/ronnywang/1429340101-1723875802.png,http://ronnywang.pixnet.net/album/photo/152716447
157.png,http://pic.pimg.tw/ronnywang/1429340200-3285023263.png,http://ronnywang.pixnet.net/album/photo/152716459
158.png,http://pic.pimg.tw/ronnywang/1429340225-849349409.png,http://ronnywang.pixnet.net/album/photo/152716462
159.png,http://pic.pimg.tw/ronnywang/1429340340-2165863169.png,http://ronnywang.pixnet.net/album/photo/152716471
160.png,http://pic.pimg.tw/ronnywang/1429340974-2690456979.png,http://ronnywang.pixnet.net/album/photo/152716516
161.png,http://pic.pimg.tw/ronnywang/1429341018-547839461.png,http://ronnywang.pixnet.net/album/photo/152716522
162.png,http://pic.pimg.tw/ronnywang/1429341050-1589490673.png,http://ronnywang.pixnet.net/album/photo/152716528
163.png,http://pic.pimg.tw/ronnywang/1429341083-1489642644.png,http://ronnywang.pixnet.net/album/photo/152716531
164.png,http://pic.pimg.tw/ronnywang/1429341114-110633536.png,http://ronnywang.pixnet.net/album/photo/152716537
165.png,http://pic.pimg.tw/ronnywang/1429341152-653935578.png,http://ronnywang.pixnet.net/album/photo/152716543
166.png,http://pic.pimg.tw/ronnywang/1429341182-1554598448.png,http://ronnywang.pixnet.net/album/photo/152716546
167.png,http://pic.pimg.tw/ronnywang/1429341213-4034541790.png,http://ronnywang.pixnet.net/album/photo/152716549
168.png,http://pic.pimg.tw/ronnywang/1429341251-527296379.png,http://ronnywang.pixnet.net/album/photo/152716555
169.png,http://pic.pimg.tw/ronnywang/1429341280-3962722741.png,http://ronnywang.pixnet.net/album/photo/152716558
170.png,http://pic.pimg.tw/ronnywang/1429341312-3192122421.png,http://ronnywang.pixnet.net/album/photo/152716564
171.png,http://pic.pimg.tw/ronnywang/1429341343-536961889.png,http://ronnywang.pixnet.net/album/photo/152716567
172.png,http://pic.pimg.tw/ronnywang/1429341366-3815671966.png,http://ronnywang.pixnet.net/album/photo/152716573
173.png,http://pic.pimg.tw/ronnywang/1429341427-2762811329.png,http://ronnywang.pixnet.net/album/photo/152716579
174.png,http://pic.pimg.tw/ronnywang/1429341455-757016584.png,http://ronnywang.pixnet.net/album/photo/152716585
175.png,http://pic.pimg.tw/ronnywang/1429341485-495061566.png,http://ronnywang.pixnet.net/album/photo/152716588
176.png,http://pic.pimg.tw/ronnywang/1429341601-1754553486.png,http://ronnywang.pixnet.net/album/photo/152716600
177.png,http://pic.pimg.tw/ronnywang/1429341631-599088681.png,http://ronnywang.pixnet.net/album/photo/152716606
178.png,http://pic.pimg.tw/ronnywang/1429341662-2678548442.png,http://ronnywang.pixnet.net/album/photo/152716612
179.png,http://pic.pimg.tw/ronnywang/1429341695-276613850.png,http://ronnywang.pixnet.net/album/photo/152716621
180.png,http://pic.pimg.tw/ronnywang/1429341748-4020208327.png,http://ronnywang.pixnet.net/album/photo/152716624
181.png,http://pic.pimg.tw/ronnywang/1429341778-1933173462.png,http://ronnywang.pixnet.net/album/photo/152716630
182.png,http://pic.pimg.tw/ronnywang/1429341806-3965389734.png,http://ronnywang.pixnet.net/album/photo/152716633
183.png,http://pic.pimg.tw/ronnywang/1429341837-3492824644.png,http://ronnywang.pixnet.net/album/photo/152716642
184.png,http://pic.pimg.tw/ronnywang/1429341897-3277514169.png,http://ronnywang.pixnet.net/album/photo/152716645
185.png,http://pic.pimg.tw/ronnywang/1429341924-3906220509.png,http://ronnywang.pixnet.net/album/photo/152716651
186.png,http://pic.pimg.tw/ronnywang/1429341954-1583244844.png,http://ronnywang.pixnet.net/album/photo/152716654
187.png,http://pic.pimg.tw/ronnywang/1429341977-980089422.png,http://ronnywang.pixnet.net/album/photo/152716660
188.png,http://pic.pimg.tw/ronnywang/1429342002-1895727320.png,http://ronnywang.pixnet.net/album/photo/152716666
189.png,http://pic.pimg.tw/ronnywang/1429342035-352655452.png,http://ronnywang.pixnet.net/album/photo/152716669
190.png,http://pic.pimg.tw/ronnywang/1429342063-3671155272.png,http://ronnywang.pixnet.net/album/photo/152716678
191.png,http://pic.pimg.tw/ronnywang/1429342094-4039935392.png,http://ronnywang.pixnet.net/album/photo/152716681
192.png,http://pic.pimg.tw/ronnywang/1429342126-1950956405.png,http://ronnywang.pixnet.net/album/photo/152716687
193.png,http://pic.pimg.tw/ronnywang/1429342178-565771425.png,http://ronnywang.pixnet.net/album/photo/152716693
194.png,http://pic.pimg.tw/ronnywang/1429342216-2351742639.png,http://ronnywang.pixnet.net/album/photo/152716699
195.png,http://pic.pimg.tw/ronnywang/1429342245-676553146.png,http://ronnywang.pixnet.net/album/photo/152716702
196.png,http://pic.pimg.tw/ronnywang/1429342275-23269099.png,http://ronnywang.pixnet.net/album/photo/152716708
197.png,http://pic.pimg.tw/ronnywang/1429342298-3102884353.png,http://ronnywang.pixnet.net/album/photo/152716711
198.png,http://pic.pimg.tw/ronnywang/1429342321-1285339569.png,http://ronnywang.pixnet.net/album/photo/152716714
199.png,http://pic.pimg.tw/ronnywang/1429342344-1675983685.png,http://ronnywang.pixnet.net/album/photo/152716723
200.png,http://pic.pimg.tw/ronnywang/1429343202-4274061605.png,http://ronnywang.pixnet.net/album/photo/152716843
201.png,http://pic.pimg.tw/ronnywang/1429343233-2932557565.png,http://ronnywang.pixnet.net/album/photo/152716849
202.png,http://pic.pimg.tw/ronnywang/1429343267-1799799579.png,http://ronnywang.pixnet.net/album/photo/152716852
203.png,http://pic.pimg.tw/ronnywang/1429343289-1814990298.png,http://ronnywang.pixnet.net/album/photo/152716858
204.png,http://pic.pimg.tw/ronnywang/1429343322-4285507932.png,http://ronnywang.pixnet.net/album/photo/152716861
205.png,http://pic.pimg.tw/ronnywang/1429343352-527688377.png,http://ronnywang.pixnet.net/album/photo/152716867
206.png,http://pic.pimg.tw/ronnywang/1429343380-3791004953.png,http://ronnywang.pixnet.net/album/photo/152716870
207.png,http://pic.pimg.tw/ronnywang/1429343406-940671577.png,http://ronnywang.pixnet.net/album/photo/152716873
208.png,http://pic.pimg.tw/ronnywang/1429343430-1557515140.png,http://ronnywang.pixnet.net/album/photo/152716876
209.png,http://pic.pimg.tw/ronnywang/1429343457-2496806715.png,http://ronnywang.pixnet.net/album/photo/152716879
210.png,http://pic.pimg.tw/ronnywang/1429343508-3097405764.png,http://ronnywang.pixnet.net/album/photo/152716882
211.png,http://pic.pimg.tw/ronnywang/1429343548-208504902.png,http://ronnywang.pixnet.net/album/photo/152716885
212.png,http://pic.pimg.tw/ronnywang/1429343573-1731031355.png,http://ronnywang.pixnet.net/album/photo/152716888
213.png,http://pic.pimg.tw/ronnywang/1429343605-716154449.png,http://ronnywang.pixnet.net/album/photo/152716891
214.png,http://pic.pimg.tw/ronnywang/1429343634-1137987428.png,http://ronnywang.pixnet.net/album/photo/152716894
215.png,http://pic.pimg.tw/ronnywang/1429343660-3498425809.png,http://ronnywang.pixnet.net/album/photo/152716897
216.png,http://pic.pimg.tw/ronnywang/1429343692-66211141.png,http://ronnywang.pixnet.net/album/photo/152716900
217.png,http://pic.pimg.tw/ronnywang/1429343716-258623735.png,http://ronnywang.pixnet.net/album/photo/152716903
218.png,http://pic.pimg.tw/ronnywang/1429343737-4157873751.png,http://ronnywang.pixnet.net/album/photo/152716906
219.png,http://pic.pimg.tw/ronnywang/1429343760-3551807700.png,http://ronnywang.pixnet.net/album/photo/152716909
220.png,http://pic.pimg.tw/ronnywang/1429343798-66947140.png,http://ronnywang.pixnet.net/album/photo/152716912
221.png,http://pic.pimg.tw/ronnywang/1429343868-2362171315.png,http://ronnywang.pixnet.net/album/photo/152716915
222.png,http://pic.pimg.tw/ronnywang/1429343899-3719639758.png,http://ronnywang.pixnet.net/album/photo/152716918
223.png,http://pic.pimg.tw/ronnywang/1429343928-3444286878.png,http://ronnywang.pixnet.net/album/photo/152716921
224.png,http://pic.pimg.tw/ronnywang/1429343959-3533506256.png,http://ronnywang.pixnet.net/album/photo/152716924
225.png,http://pic.pimg.tw/ronnywang/1429343993-2793495278.png,http://ronnywang.pixnet.net/album/photo/152716927
226.png,http://pic.pimg.tw/ronnywang/1429344031-3264072663.png,http://ronnywang.pixnet.net/album/photo/152716930
227.png,http://pic.pimg.tw/ronnywang/1429344062-3466075683.png,http://ronnywang.pixnet.net/album/photo/152716933
228.png,http://pic.pimg.tw/ronnywang/1429344088-3121046325.png,http://ronnywang.pixnet.net/album/photo/152716936
229.png,http://pic.pimg.tw/ronnywang/1429344117-2905000946.png,http://ronnywang.pixnet.net/album/photo/152716939
230.png,http://pic.pimg.tw/ronnywang/1429344146-4181573609.png,http://ronnywang.pixnet.net/album/photo/152716942
231.png,http://pic.pimg.tw/ronnywang/1429344176-214625960.png,http://ronnywang.pixnet.net/album/photo/152716945
232.png,http://pic.pimg.tw/ronnywang/1429344204-98907515.png,http://ronnywang.pixnet.net/album/photo/152716948
233.png,http://pic.pimg.tw/ronnywang/1429344301-349404893.png,http://ronnywang.pixnet.net/album/photo/152716951
234.png,http://pic.pimg.tw/ronnywang/1429344335-2753361056.png,http://ronnywang.pixnet.net/album/photo/152716954
235.png,http://pic.pimg.tw/ronnywang/1429344360-2495651389.png,http://ronnywang.pixnet.net/album/photo/152716960
236.png,http://pic.pimg.tw/ronnywang/1429344391-1356496048.png,http://ronnywang.pixnet.net/album/photo/152716963
237.png,http://pic.pimg.tw/ronnywang/1429344435-466346045.png,http://ronnywang.pixnet.net/album/photo/152716966
238.png,http://pic.pimg.tw/ronnywang/1429344461-2400644190.png,http://ronnywang.pixnet.net/album/photo/152716969
239.png,http://pic.pimg.tw/ronnywang/1429344488-2283722131.png,http://ronnywang.pixnet.net/album/photo/152716972
240.png,http://pic.pimg.tw/ronnywang/1429344518-1160269165.png,http://ronnywang.pixnet.net/album/photo/152716975
241.png,http://pic.pimg.tw/ronnywang/1429344548-1774509820.png,http://ronnywang.pixnet.net/album/photo/152716978
242.png,http://pic.pimg.tw/ronnywang/1429344574-1428296889.png,http://ronnywang.pixnet.net/album/photo/152716981
243.png,http://pic.pimg.tw/ronnywang/1429344668-3313851829.png,http://ronnywang.pixnet.net/album/photo/152716984
244.png,http://pic.pimg.tw/ronnywang/1429344694-668629508.png,http://ronnywang.pixnet.net/album/photo/152717002
245.png,http://pic.pimg.tw/ronnywang/1429344732-2062625543.png,http://ronnywang.pixnet.net/album/photo/152717029
246.png,http://pic.pimg.tw/ronnywang/1429344794-1496415428.png,http://ronnywang.pixnet.net/album/photo/152717032
247.png,http://pic.pimg.tw/ronnywang/1429344823-2073790658.png,http://ronnywang.pixnet.net/album/photo/152717038
248.png,http://pic.pimg.tw/ronnywang/1429344848-3568482170.png,http://ronnywang.pixnet.net/album/photo/152717041
249.png,http://pic.pimg.tw/ronnywang/1429344873-1867045579.png,http://ronnywang.pixnet.net/album/photo/152717047
250.png,http://pic.pimg.tw/ronnywang/1429344904-1136950922.png,http://ronnywang.pixnet.net/album/photo/152717053
251.png,http://pic.pimg.tw/ronnywang/1429344927-2533173926.png,http://ronnywang.pixnet.net/album/photo/152717059
252.png,http://pic.pimg.tw/ronnywang/1429344954-1477975884.png,http://ronnywang.pixnet.net/album/photo/152717065
253.png,http://pic.pimg.tw/ronnywang/1429344986-414827846.png,http://ronnywang.pixnet.net/album/photo/152717068
254.png,http://pic.pimg.tw/ronnywang/1429345015-2066231766.png,http://ronnywang.pixnet.net/album/photo/152717131
255.png,http://pic.pimg.tw/ronnywang/1429345064-2740734538.png,http://ronnywang.pixnet.net/album/photo/152717134
256.png,http://pic.pimg.tw/ronnywang/1429345088-3331131825.png,http://ronnywang.pixnet.net/album/photo/152717137
257.png,http://pic.pimg.tw/ronnywang/1429345122-4033630142.png,http://ronnywang.pixnet.net/album/photo/152717140
258.png,http://pic.pimg.tw/ronnywang/1429345150-2520909959.png,http://ronnywang.pixnet.net/album/photo/152717143
259.png,http://pic.pimg.tw/ronnywang/1429345186-148516582.png,http://ronnywang.pixnet.net/album/photo/152717146
260.png,http://pic.pimg.tw/ronnywang/1429345209-3058920371.png,http://ronnywang.pixnet.net/album/photo/152717149
261.png,http://pic.pimg.tw/ronnywang/1429345301-3050593673.png,http://ronnywang.pixnet.net/album/photo/152717155
262.png,http://pic.pimg.tw/ronnywang/1429345328-1812676653.png,http://ronnywang.pixnet.net/album/photo/152717158
263.png,http://pic.pimg.tw/ronnywang/1429345353-245589366.png,http://ronnywang.pixnet.net/album/photo/152717161
264.png,http://pic.pimg.tw/ronnywang/1429345391-2181366146.png,http://ronnywang.pixnet.net/album/photo/152717164
265.png,http://pic.pimg.tw/ronnywang/1429345419-3069984274.png,http://ronnywang.pixnet.net/album/photo/152717170
266.png,http://pic.pimg.tw/ronnywang/1429345450-2429085650.png,http://ronnywang.pixnet.net/album/photo/152717176
267.png,http://pic.pimg.tw/ronnywang/1429345477-3786532896.png,http://ronnywang.pixnet.net/album/photo/152717179
268.png,http://pic.pimg.tw/ronnywang/1429345510-2475612985.png,http://ronnywang.pixnet.net/album/photo/152717182
269.png,http://pic.pimg.tw/ronnywang/1429345562-632310801.png,http://ronnywang.pixnet.net/album/photo/152717185
270.png,http://pic.pimg.tw/ronnywang/1429345591-1072113291.png,http://ronnywang.pixnet.net/album/photo/152717188
271.png,http://pic.pimg.tw/ronnywang/1429345624-2809524266.png,http://ronnywang.pixnet.net/album/photo/152717191
272.png,http://pic.pimg.tw/ronnywang/1429345653-2990363155.png,http://ronnywang.pixnet.net/album/photo/152717194
273.png,http://pic.pimg.tw/ronnywang/1429345684-3056032313.png,http://ronnywang.pixnet.net/album/photo/152717200
274.png,http://pic.pimg.tw/ronnywang/1429345709-3048716702.png,http://ronnywang.pixnet.net/album/photo/152717203
275.png,http://pic.pimg.tw/ronnywang/1429345737-3998691150.png,http://ronnywang.pixnet.net/album/photo/152717209
276.png,http://pic.pimg.tw/ronnywang/1429345776-1812771202.png,http://ronnywang.pixnet.net/album/photo/152717212
277.png,http://pic.pimg.tw/ronnywang/1429345802-4195527089.png,http://ronnywang.pixnet.net/album/photo/152717215
278.png,http://pic.pimg.tw/ronnywang/1429345836-99920470.png,http://ronnywang.pixnet.net/album/photo/152717221
279.png,http://pic.pimg.tw/ronnywang/1429345857-1275014053.png,http://ronnywang.pixnet.net/album/photo/152717224
280.png,http://pic.pimg.tw/ronnywang/1429345881-2637330104.png,http://ronnywang.pixnet.net/album/photo/152717227
281.png,http://pic.pimg.tw/ronnywang/1429345918-758211711.png,http://ronnywang.pixnet.net/album/photo/152717230
282.png,http://pic.pimg.tw/ronnywang/1429345943-2403739111.png,http://ronnywang.pixnet.net/album/photo/152717233
283.png,http://pic.pimg.tw/ronnywang/1429345967-2969971528.png,http://ronnywang.pixnet.net/album/photo/152717248
284.png,http://pic.pimg.tw/ronnywang/1429346002-30490289.png,http://ronnywang.pixnet.net/album/photo/152717251
285.png,http://pic.pimg.tw/ronnywang/1429346029-4223484373.png,http://ronnywang.pixnet.net/album/photo/152717254
286.png,http://pic.pimg.tw/ronnywang/1429346066-3311122607.png,http://ronnywang.pixnet.net/album/photo/152717281
287.png,http://pic.pimg.tw/ronnywang/1429346092-3892991560.png,http://ronnywang.pixnet.net/album/photo/152717284
288.png,http://pic.pimg.tw/ronnywang/1429346115-1514759385.png,http://ronnywang.pixnet.net/album/photo/152717344
289.png,http://pic.pimg.tw/ronnywang/1429346179-2503389918.png,http://ronnywang.pixnet.net/album/photo/152717404
290.png,http://pic.pimg.tw/ronnywang/1429346205-2857477330.png,http://ronnywang.pixnet.net/album/photo/152717470
291.png,http://pic.pimg.tw/ronnywang/1429346231-2884296229.png,http://ronnywang.pixnet.net/album/photo/152717533
292.png,http://pic.pimg.tw/ronnywang/1429346260-3112732479.png,http://ronnywang.pixnet.net/album/photo/152717536
293.png,http://pic.pimg.tw/ronnywang/1429346292-4058656314.png,http://ronnywang.pixnet.net/album/photo/152717539
294.png,http://pic.pimg.tw/ronnywang/1429346322-2010056440.png,http://ronnywang.pixnet.net/album/photo/152717542
295.png,http://pic.pimg.tw/ronnywang/1429346381-3521679137.png,http://ronnywang.pixnet.net/album/photo/152717545
296.png,http://pic.pimg.tw/ronnywang/1429346411-3100473453.png,http://ronnywang.pixnet.net/album/photo/152717548
297.png,http://pic.pimg.tw/ronnywang/1429346443-1985584451.png,http://ronnywang.pixnet.net/album/photo/152717551
298.png,http://pic.pimg.tw/ronnywang/1429346478-3498287425.png,http://ronnywang.pixnet.net/album/photo/152717554
299.png,http://pic.pimg.tw/ronnywang/1429346523-3238689607.png,http://ronnywang.pixnet.net/album/photo/152717557
300.png,http://pic.pimg.tw/ronnywang/1429346583-2629682537.png,http://ronnywang.pixnet.net/album/photo/152717560
301.png,http://pic.pimg.tw/ronnywang/1429346610-2816552081.png,http://ronnywang.pixnet.net/album/photo/152717563
302.png,http://pic.pimg.tw/ronnywang/1429346630-3670042959.png,http://ronnywang.pixnet.net/album/photo/152717566
303.png,http://pic.pimg.tw/ronnywang/1429346654-2650024631.png,http://ronnywang.pixnet.net/album/photo/152717569
304.png,http://pic.pimg.tw/ronnywang/1429346676-3691481570.png,http://ronnywang.pixnet.net/album/photo/152717572
305.png,http://pic.pimg.tw/ronnywang/1429346700-4171446800.png,http://ronnywang.pixnet.net/album/photo/152717575
306.png,http://pic.pimg.tw/ronnywang/1429346723-2368340767.png,http://ronnywang.pixnet.net/album/photo/152717578
307.png,http://pic.pimg.tw/ronnywang/1429346755-71040216.png,http://ronnywang.pixnet.net/album/photo/152717581
308.png,http://pic.pimg.tw/ronnywang/1429346780-1684676650.png,http://ronnywang.pixnet.net/album/photo/152717584
309.png,http://pic.pimg.tw/ronnywang/1429346805-1898144631.png,http://ronnywang.pixnet.net/album/photo/152717587
310.png,http://pic.pimg.tw/ronnywang/1429346836-3433473991.png,http://ronnywang.pixnet.net/album/photo/152717590
311.png,http://pic.pimg.tw/ronnywang/1429346861-2791723854.png,http://ronnywang.pixnet.net/album/photo/152717593
312.png,http://pic.pimg.tw/ronnywang/1429346896-1787213125.png,http://ronnywang.pixnet.net/album/photo/152717596
313.png,http://pic.pimg.tw/ronnywang/1429346923-4059877474.png,http://ronnywang.pixnet.net/album/photo/152717599
314.png,http://pic.pimg.tw/ronnywang/1429346957-581849585.png,http://ronnywang.pixnet.net/album/photo/152717602
315.png,http://pic.pimg.tw/ronnywang/1429346980-1413520725.png,http://ronnywang.pixnet.net/album/photo/152717605
316.png,http://pic.pimg.tw/ronnywang/1429347014-2872995388.png,http://ronnywang.pixnet.net/album/photo/152717608
317.png,http://pic.pimg.tw/ronnywang/1429347037-422907319.png,http://ronnywang.pixnet.net/album/photo/152717611
318.png,http://pic.pimg.tw/ronnywang/1429347058-1818875093.png,http://ronnywang.pixnet.net/album/photo/152717620
319.png,http://pic.pimg.tw/ronnywang/1429347089-2558312990.png,http://ronnywang.pixnet.net/album/photo/152717662
320.png,http://pic.pimg.tw/ronnywang/1429347116-486256357.png,http://ronnywang.pixnet.net/album/photo/152717665
321.png,http://pic.pimg.tw/ronnywang/1429347146-3472068816.png,http://ronnywang.pixnet.net/album/photo/152717668
322.png,http://pic.pimg.tw/ronnywang/1429347174-3126264452.png,http://ronnywang.pixnet.net/album/photo/152717671
323.png,http://pic.pimg.tw/ronnywang/1429347204-357326840.png,http://ronnywang.pixnet.net/album/photo/152717674
324.png,http://pic.pimg.tw/ronnywang/1429347243-4092288051.png,http://ronnywang.pixnet.net/album/photo/152717677
325.png,http://pic.pimg.tw/ronnywang/1429347270-838939837.png,http://ronnywang.pixnet.net/album/photo/152717680
326.png,http://pic.pimg.tw/ronnywang/1429347302-563221654.png,http://ronnywang.pixnet.net/album/photo/152717683
327.png,http://pic.pimg.tw/ronnywang/1429347331-2312569593.png,http://ronnywang.pixnet.net/album/photo/152717692
328.png,http://pic.pimg.tw/ronnywang/1429347362-2229736571.png,http://ronnywang.pixnet.net/album/photo/152717728
329.png,http://pic.pimg.tw/ronnywang/1429347424-3426845699.png,http://ronnywang.pixnet.net/album/photo/152717731
330.png,http://pic.pimg.tw/ronnywang/1429347481-3461771432.png,http://ronnywang.pixnet.net/album/photo/152717734
331.png,http://pic.pimg.tw/ronnywang/1429347512-1678687139.png,http://ronnywang.pixnet.net/album/photo/152717737
332.png,http://pic.pimg.tw/ronnywang/1429347541-1021833826.png,http://ronnywang.pixnet.net/album/photo/152717740
333.png,http://pic.pimg.tw/ronnywang/1429347566-375505909.png,http://ronnywang.pixnet.net/album/photo/152717758
334.png,http://pic.pimg.tw/ronnywang/1429347621-3932699703.png,http://ronnywang.pixnet.net/album/photo/152717761
335.png,http://pic.pimg.tw/ronnywang/1429347652-2155578292.png,http://ronnywang.pixnet.net/album/photo/152717764
336.png,http://pic.pimg.tw/ronnywang/1429347681-2381671733.png,http://ronnywang.pixnet.net/album/photo/152717767
337.png,http://pic.pimg.tw/ronnywang/1429347705-1370318911.png,http://ronnywang.pixnet.net/album/photo/152717770
338.png,http://pic.pimg.tw/ronnywang/1429347729-2665857627.png,http://ronnywang.pixnet.net/album/photo/152717773
339.png,http://pic.pimg.tw/ronnywang/1429347765-2415255029.png,http://ronnywang.pixnet.net/album/photo/152717776
340.png,http://pic.pimg.tw/ronnywang/1429347789-909360624.png,http://ronnywang.pixnet.net/album/photo/152717779
341.png,http://pic.pimg.tw/ronnywang/1429347811-3531391031.png,http://ronnywang.pixnet.net/album/photo/152717782
342.png,http://pic.pimg.tw/ronnywang/1429347837-485061165.png,http://ronnywang.pixnet.net/album/photo/152717785
343.png,http://pic.pimg.tw/ronnywang/1429347883-4290767018.png,http://ronnywang.pixnet.net/album/photo/152717788
344.png,http://pic.pimg.tw/ronnywang/1429347918-3160221700.png,http://ronnywang.pixnet.net/album/photo/152717824
345.png,http://pic.pimg.tw/ronnywang/1429347985-3831482204.png,http://ronnywang.pixnet.net/album/photo/152717842
346.png,http://pic.pimg.tw/ronnywang/1429348028-2634253194.png,http://ronnywang.pixnet.net/album/photo/152717845
347.png,http://pic.pimg.tw/ronnywang/1429348049-3530494098.png,http://ronnywang.pixnet.net/album/photo/152717848
348.png,http://pic.pimg.tw/ronnywang/1429348073-2026397591.png,http://ronnywang.pixnet.net/album/photo/152717851
349.png,http://pic.pimg.tw/ronnywang/1429348096-2404436720.png,http://ronnywang.pixnet.net/album/photo/152717854
350.png,http://pic.pimg.tw/ronnywang/1429348119-2875772362.png,http://ronnywang.pixnet.net/album/photo/152717857
351.png,http://pic.pimg.tw/ronnywang/1429348152-3946312781.png,http://ronnywang.pixnet.net/album/photo/152717860
352.png,http://pic.pimg.tw/ronnywang/1429348191-3693214438.png,http://ronnywang.pixnet.net/album/photo/152717863
353.png,http://pic.pimg.tw/ronnywang/1429348224-164705499.png,http://ronnywang.pixnet.net/album/photo/152717866
354.png,http://pic.pimg.tw/ronnywang/1429348285-3249358244.png,http://ronnywang.pixnet.net/album/photo/152717869
355.png,http://pic.pimg.tw/ronnywang/1429348315-2635970379.png,http://ronnywang.pixnet.net/album/photo/152717881
356.png,http://pic.pimg.tw/ronnywang/1429348345-3381815186.png,http://ronnywang.pixnet.net/album/photo/152717905
357.png,http://pic.pimg.tw/ronnywang/1429348375-186337396.png,http://ronnywang.pixnet.net/album/photo/152717908
358.png,http://pic.pimg.tw/ronnywang/1429348399-535315724.png,http://ronnywang.pixnet.net/album/photo/152717911
359.png,http://pic.pimg.tw/ronnywang/1429348447-2410697621.png,http://ronnywang.pixnet.net/album/photo/152717914
360.png,http://pic.pimg.tw/ronnywang/1429348484-2149611488.png,http://ronnywang.pixnet.net/album/photo/152717917
361.png,http://pic.pimg.tw/ronnywang/1429348523-3137259919.png,http://ronnywang.pixnet.net/album/photo/152717920
362.png,http://pic.pimg.tw/ronnywang/1429348561-2688378435.png,http://ronnywang.pixnet.net/album/photo/152717923
363.png,http://pic.pimg.tw/ronnywang/1429348592-2295523155.png,http://ronnywang.pixnet.net/album/photo/152717926
364.png,http://pic.pimg.tw/ronnywang/1429348621-824263178.png,http://ronnywang.pixnet.net/album/photo/152717929
365.png,http://pic.pimg.tw/ronnywang/1429348644-2810847070.png,http://ronnywang.pixnet.net/album/photo/152717932
366.png,http://pic.pimg.tw/ronnywang/1429348734-4203531829.png,http://ronnywang.pixnet.net/album/photo/152717935
367.png,http://pic.pimg.tw/ronnywang/1429348788-3310347946.png,http://ronnywang.pixnet.net/album/photo/152717944
368.png,http://pic.pimg.tw/ronnywang/1429348852-1230835875.png,http://ronnywang.pixnet.net/album/photo/152717947
369.png,http://pic.pimg.tw/ronnywang/1429348879-3531761377.png,http://ronnywang.pixnet.net/album/photo/152717953
370.png,http://pic.pimg.tw/ronnywang/1429348903-15203391.png,http://ronnywang.pixnet.net/album/photo/152717959
371.png,http://pic.pimg.tw/ronnywang/1429348929-3954825804.png,http://ronnywang.pixnet.net/album/photo/152717968
372.png,http://pic.pimg.tw/ronnywang/1429348950-302246879.png,http://ronnywang.pixnet.net/album/photo/152717971
373.png,http://pic.pimg.tw/ronnywang/1429348973-1182498179.png,http://ronnywang.pixnet.net/album/photo/152717980
374.png,http://pic.pimg.tw/ronnywang/1429349006-1502236773.png,http://ronnywang.pixnet.net/album/photo/152717986
375.png,http://pic.pimg.tw/ronnywang/1429349032-2524471958.png,http://ronnywang.pixnet.net/album/photo/152717992
376.png,http://pic.pimg.tw/ronnywang/1429349138-3238140726.png,http://ronnywang.pixnet.net/album/photo/152718001
377.png,http://pic.pimg.tw/ronnywang/1429349198-1304062090.png,http://ronnywang.pixnet.net/album/photo/152718004
378.png,http://pic.pimg.tw/ronnywang/1429349222-2404514522.png,http://ronnywang.pixnet.net/album/photo/152718007
379.png,http://pic.pimg.tw/ronnywang/1429349277-1715980343.png,http://ronnywang.pixnet.net/album/photo/152718025
380.png,http://pic.pimg.tw/ronnywang/1429349299-4152904793.png,http://ronnywang.pixnet.net/album/photo/152718058
381.png,http://pic.pimg.tw/ronnywang/1429349335-2276021670.png,http://ronnywang.pixnet.net/album/photo/152718061
382.png,http://pic.pimg.tw/ronnywang/1429349398-3451951763.png,http://ronnywang.pixnet.net/album/photo/152718064
383.png,http://pic.pimg.tw/ronnywang/1429349494-2380200796.png,http://ronnywang.pixnet.net/album/photo/152718067
384.png,http://pic.pimg.tw/ronnywang/1429349522-1934734543.png,http://ronnywang.pixnet.net/album/photo/152718070
385.png,http://pic.pimg.tw/ronnywang/1429349564-1460715964.png,http://ronnywang.pixnet.net/album/photo/152718073
386.png,http://pic.pimg.tw/ronnywang/1429349592-1314965502.png,http://ronnywang.pixnet.net/album/photo/152718076
387.png,http://pic.pimg.tw/ronnywang/1429349616-2134572170.png,http://ronnywang.pixnet.net/album/photo/152718079
388.png,http://pic.pimg.tw/ronnywang/1429349644-2476031747.png,http://ronnywang.pixnet.net/album/photo/152718082
389.png,http://pic.pimg.tw/ronnywang/1429349678-1209189606.png,http://ronnywang.pixnet.net/album/photo/152718097
390.png,http://pic.pimg.tw/ronnywang/1429349698-2500896769.png,http://ronnywang.pixnet.net/album/photo/152718115
391.png,http://pic.pimg.tw/ronnywang/1429349732-2486134822.png,http://ronnywang.pixnet.net/album/photo/152718118
392.png,http://pic.pimg.tw/ronnywang/1429349763-1517567515.png,http://ronnywang.pixnet.net/album/photo/152718121
393.png,http://pic.pimg.tw/ronnywang/1429349794-2980391953.png,http://ronnywang.pixnet.net/album/photo/152718124
394.png,http://pic.pimg.tw/ronnywang/1429349818-1374240445.png,http://ronnywang.pixnet.net/album/photo/152718127
395.png,http://pic.pimg.tw/ronnywang/1429349851-2927571429.png,http://ronnywang.pixnet.net/album/photo/152718136
396.png,http://pic.pimg.tw/ronnywang/1429349910-2702158372.png,http://ronnywang.pixnet.net/album/photo/152718142
397.png,http://pic.pimg.tw/ronnywang/1429349939-421070278.png,http://ronnywang.pixnet.net/album/photo/152718148
398.png,http://pic.pimg.tw/ronnywang/1429349972-3717680086.png,http://ronnywang.pixnet.net/album/photo/152718154
399.png,http://pic.pimg.tw/ronnywang/1429350000-3904084307.png,http://ronnywang.pixnet.net/album/photo/152718157
400.png,http://pic.pimg.tw/ronnywang/1429350024-4017253128.png,http://ronnywang.pixnet.net/album/photo/152718163
401.png,http://pic.pimg.tw/ronnywang/1429350051-590353304.png,http://ronnywang.pixnet.net/album/photo/152718169
402.png,http://pic.pimg.tw/ronnywang/1429350075-1895289375.png,http://ronnywang.pixnet.net/album/photo/152718172
403.png,http://pic.pimg.tw/ronnywang/1429350099-3554857940.png,http://ronnywang.pixnet.net/album/photo/152718196
404.png,http://pic.pimg.tw/ronnywang/1429350122-2782944495.png,http://ronnywang.pixnet.net/album/photo/152718262
405.png,http://pic.pimg.tw/ronnywang/1429350149-3735926408.png,http://ronnywang.pixnet.net/album/photo/152718280
406.png,http://pic.pimg.tw/ronnywang/1429350176-2207184816.png,http://ronnywang.pixnet.net/album/photo/152718286
407.png,http://pic.pimg.tw/ronnywang/1429350213-2258100750.png,http://ronnywang.pixnet.net/album/photo/152718301
408.png,http://pic.pimg.tw/ronnywang/1429350235-3697364843.png,http://ronnywang.pixnet.net/album/photo/152718325
409.png,http://pic.pimg.tw/ronnywang/1429350273-2729165014.png,http://ronnywang.pixnet.net/album/photo/152718331
410.png,http://pic.pimg.tw/ronnywang/1429350297-812104586.png,http://ronnywang.pixnet.net/album/photo/152718337
411.png,http://pic.pimg.tw/ronnywang/1429350339-1669773948.png,http://ronnywang.pixnet.net/album/photo/152718340
412.png,http://pic.pimg.tw/ronnywang/1429350362-3057309809.png,http://ronnywang.pixnet.net/album/photo/152718346
413.png,http://pic.pimg.tw/ronnywang/1429350387-4006038050.png,http://ronnywang.pixnet.net/album/photo/152718352
414.png,http://pic.pimg.tw/ronnywang/1429350411-3853580663.png,http://ronnywang.pixnet.net/album/photo/152718358
415.png,http://pic.pimg.tw/ronnywang/1429350433-2291905644.png,http://ronnywang.pixnet.net/album/photo/152718364
416.png,http://pic.pimg.tw/ronnywang/1429350463-3528269494.png,http://ronnywang.pixnet.net/album/photo/152718370
417.png,http://pic.pimg.tw/ronnywang/1429350493-2083395884.png,http://ronnywang.pixnet.net/album/photo/152718376
418.png,http://pic.pimg.tw/ronnywang/1429350526-3088323994.png,http://ronnywang.pixnet.net/album/photo/152718382
419.png,http://pic.pimg.tw/ronnywang/1429350560-2040352726.png,http://ronnywang.pixnet.net/album/photo/152718394
420.png,http://pic.pimg.tw/ronnywang/1429350590-1444766652.png,http://ronnywang.pixnet.net/album/photo/152718400
421.png,http://pic.pimg.tw/ronnywang/1429350681-3364559739.png,http://ronnywang.pixnet.net/album/photo/152718409
422.png,http://pic.pimg.tw/ronnywang/1429350705-4228901327.png,http://ronnywang.pixnet.net/album/photo/152718418
423.png,http://pic.pimg.tw/ronnywang/1429350726-2851227298.png,http://ronnywang.pixnet.net/album/photo/152718424
424.png,http://pic.pimg.tw/ronnywang/1429350755-222358191.png,http://ronnywang.pixnet.net/album/photo/152718430
425.png,http://pic.pimg.tw/ronnywang/1429350778-674893732.png,http://ronnywang.pixnet.net/album/photo/152718451
426.png,http://pic.pimg.tw/ronnywang/1429350802-1816087101.png,http://ronnywang.pixnet.net/album/photo/152718475
427.png,http://pic.pimg.tw/ronnywang/1429350844-2822396995.png,http://ronnywang.pixnet.net/album/photo/152718496
428.png,http://pic.pimg.tw/ronnywang/1429350867-2683709368.png,http://ronnywang.pixnet.net/album/photo/152718505
429.png,http://pic.pimg.tw/ronnywang/1429350906-4014477884.png,http://ronnywang.pixnet.net/album/photo/152718514
430.png,http://pic.pimg.tw/ronnywang/1429350936-2908574669.png,http://ronnywang.pixnet.net/album/photo/152718520
431.png,http://pic.pimg.tw/ronnywang/1429350965-2319636464.png,http://ronnywang.pixnet.net/album/photo/152718526
432.png,http://pic.pimg.tw/ronnywang/1429350988-2910887962.png,http://ronnywang.pixnet.net/album/photo/152718532
433.png,http://pic.pimg.tw/ronnywang/1429351016-677394221.png,http://ronnywang.pixnet.net/album/photo/152718538
434.png,http://pic.pimg.tw/ronnywang/1429351045-1704818946.png,http://ronnywang.pixnet.net/album/photo/152718544
435.png,http://pic.pimg.tw/ronnywang/1429351069-1562170011.png,http://ronnywang.pixnet.net/album/photo/152718550
436.png,http://pic.pimg.tw/ronnywang/1429351098-937743657.png,http://ronnywang.pixnet.net/album/photo/152718553
437.png,http://pic.pimg.tw/ronnywang/1429351134-2089536719.png,http://ronnywang.pixnet.net/album/photo/152718559
438.png,http://pic.pimg.tw/ronnywang/1429351163-2299063999.png,http://ronnywang.pixnet.net/album/photo/152718565
439.png,http://pic.pimg.tw/ronnywang/1429351189-2543446447.png,http://ronnywang.pixnet.net/album/photo/152718574
440.png,http://pic.pimg.tw/ronnywang/1429351228-2386662583.png,http://ronnywang.pixnet.net/album/photo/152718580
441.png,http://pic.pimg.tw/ronnywang/1429351252-2225612804.png,http://ronnywang.pixnet.net/album/photo/152718589
442.png,http://pic.pimg.tw/ronnywang/1429351294-2970992026.png,http://ronnywang.pixnet.net/album/photo/152718595
443.png,http://pic.pimg.tw/ronnywang/1429351319-3720450081.png,http://ronnywang.pixnet.net/album/photo/152718598
444.png,http://pic.pimg.tw/ronnywang/1429351340-3227445770.png,http://ronnywang.pixnet.net/album/photo/152718607
445.png,http://pic.pimg.tw/ronnywang/1429351373-2185467432.png,http://ronnywang.pixnet.net/album/photo/152718613
446.png,http://pic.pimg.tw/ronnywang/1429351409-138013685.png,http://ronnywang.pixnet.net/album/photo/152718619
447.png,http://pic.pimg.tw/ronnywang/1429351432-2630704300.png,http://ronnywang.pixnet.net/album/photo/152718625
448.png,http://pic.pimg.tw/ronnywang/1429351460-4286348127.png,http://ronnywang.pixnet.net/album/photo/152718628
449.png,http://pic.pimg.tw/ronnywang/1429351481-200250006.png,http://ronnywang.pixnet.net/album/photo/152718634
450.png,http://pic.pimg.tw/ronnywang/1429351508-400268622.png,http://ronnywang.pixnet.net/album/photo/152718640
451.png,http://pic.pimg.tw/ronnywang/1429351534-3042623802.png,http://ronnywang.pixnet.net/album/photo/152718646
452.png,http://pic.pimg.tw/ronnywang/1429351560-2821933671.png,http://ronnywang.pixnet.net/album/photo/152718652
453.png,http://pic.pimg.tw/ronnywang/1429351594-99077080.png,http://ronnywang.pixnet.net/album/photo/152718661
454.png,http://pic.pimg.tw/ronnywang/1429351618-564599249.png,http://ronnywang.pixnet.net/album/photo/152718670
455.png,http://pic.pimg.tw/ronnywang/1429351642-1998954740.png,http://ronnywang.pixnet.net/album/photo/152718679
456.png,http://pic.pimg.tw/ronnywang/1429351668-2614325726.png,http://ronnywang.pixnet.net/album/photo/152718682
457.png,http://pic.pimg.tw/ronnywang/1429351691-3579699730.png,http://ronnywang.pixnet.net/album/photo/152718688
458.png,http://pic.pimg.tw/ronnywang/1429351712-1132955899.png,http://ronnywang.pixnet.net/album/photo/152718694
459.png,http://pic.pimg.tw/ronnywang/1429351780-4282685759.png,http://ronnywang.pixnet.net/album/photo/152718700
460.png,http://pic.pimg.tw/ronnywang/1429351812-3375987455.png,http://ronnywang.pixnet.net/album/photo/152718706
461.png,http://pic.pimg.tw/ronnywang/1429351843-3189059705.png,http://ronnywang.pixnet.net/album/photo/152718709
462.png,http://pic.pimg.tw/ronnywang/1429351865-2576783872.png,http://ronnywang.pixnet.net/album/photo/152718715
463.png,http://pic.pimg.tw/ronnywang/1429351888-3624660213.png,http://ronnywang.pixnet.net/album/photo/152718718
464.png,http://pic.pimg.tw/ronnywang/1429351914-3600677825.png,http://ronnywang.pixnet.net/album/photo/152718721
465.png,http://pic.pimg.tw/ronnywang/1429351939-1051480719.png,http://ronnywang.pixnet.net/album/photo/152718724
466.png,http://pic.pimg.tw/ronnywang/1429351963-1815927374.png,http://ronnywang.pixnet.net/album/photo/152718727
467.png,http://pic.pimg.tw/ronnywang/1429351988-4233143415.png,http://ronnywang.pixnet.net/album/photo/152718730
468.png,http://pic.pimg.tw/ronnywang/1429352019-3165463825.png,http://ronnywang.pixnet.net/album/photo/152718733
469.png,http://pic.pimg.tw/ronnywang/1429352055-3757941679.png,http://ronnywang.pixnet.net/album/photo/152718736
470.png,http://pic.pimg.tw/ronnywang/1429352080-3308080083.png,http://ronnywang.pixnet.net/album/photo/152718739
471.png,http://pic.pimg.tw/ronnywang/1429352106-1813191945.png,http://ronnywang.pixnet.net/album/photo/152718742
472.png,http://pic.pimg.tw/ronnywang/1429352135-26725941.png,http://ronnywang.pixnet.net/album/photo/152718745
473.png,http://pic.pimg.tw/ronnywang/1429352162-2240850566.png,http://ronnywang.pixnet.net/album/photo/152718748
474.png,http://pic.pimg.tw/ronnywang/1429352198-4110289500.png,http://ronnywang.pixnet.net/album/photo/152718751
475.png,http://pic.pimg.tw/ronnywang/1429352280-2455594995.png,http://ronnywang.pixnet.net/album/photo/152718757
476.png,http://pic.pimg.tw/ronnywang/1429352307-1418549111.png,http://ronnywang.pixnet.net/album/photo/152718760
477.png,http://pic.pimg.tw/ronnywang/1429352343-858249707.png,http://ronnywang.pixnet.net/album/photo/152718763
478.png,http://pic.pimg.tw/ronnywang/1429352374-746652992.png,http://ronnywang.pixnet.net/album/photo/152718766
479.png,http://pic.pimg.tw/ronnywang/1429352403-4285071480.png,http://ronnywang.pixnet.net/album/photo/152718769
480.png,http://pic.pimg.tw/ronnywang/1429352486-3372685008.png,http://ronnywang.pixnet.net/album/photo/152718772
481.png,http://pic.pimg.tw/ronnywang/1429352552-1525706387.png,http://ronnywang.pixnet.net/album/photo/152718775
482.png,http://pic.pimg.tw/ronnywang/1429352580-3117929121.png,http://ronnywang.pixnet.net/album/photo/152718778
483.png,http://pic.pimg.tw/ronnywang/1429352605-239741689.png,http://ronnywang.pixnet.net/album/photo/152718781
484.png,http://pic.pimg.tw/ronnywang/1429352636-1306304816.png,http://ronnywang.pixnet.net/album/photo/152718784
485.png,http://pic.pimg.tw/ronnywang/1429352662-2302410473.png,http://ronnywang.pixnet.net/album/photo/152718787
486.png,http://pic.pimg.tw/ronnywang/1429352714-1291805029.png,http://ronnywang.pixnet.net/album/photo/152718790
487.png,http://pic.pimg.tw/ronnywang/1429352743-3765612047.png,http://ronnywang.pixnet.net/album/photo/152718793
488.png,http://pic.pimg.tw/ronnywang/1429352765-120074607.png,http://ronnywang.pixnet.net/album/photo/152718796
489.png,http://pic.pimg.tw/ronnywang/1429352808-2094377648.png,http://ronnywang.pixnet.net/album/photo/152718799
490.png,http://pic.pimg.tw/ronnywang/1429352839-2650439144.png,http://ronnywang.pixnet.net/album/photo/152718802
491.png,http://pic.pimg.tw/ronnywang/1429352869-1310044112.png,http://ronnywang.pixnet.net/album/photo/152718805
492.png,http://pic.pimg.tw/ronnywang/1429352894-1022139108.png,http://ronnywang.pixnet.net/album/photo/152718850
493.png,http://pic.pimg.tw/ronnywang/1429352923-288441227.png,http://ronnywang.pixnet.net/album/photo/152718928
494.png,http://pic.pimg.tw/ronnywang/1429352967-2195604819.png,http://ronnywang.pixnet.net/album/photo/152718961
495.png,http://pic.pimg.tw/ronnywang/1429353062-1811219027.png,http://ronnywang.pixnet.net/album/photo/152718964
496.png,http://pic.pimg.tw/ronnywang/1429353090-183802079.png,http://ronnywang.pixnet.net/album/photo/152718967
497.png,http://pic.pimg.tw/ronnywang/1429353138-2184448566.png,http://ronnywang.pixnet.net/album/photo/152718970
498.png,http://pic.pimg.tw/ronnywang/1429353171-2143013673.png,http://ronnywang.pixnet.net/album/photo/152718973
499.png,http://pic.pimg.tw/ronnywang/1429353269-1671619354.png,http://ronnywang.pixnet.net/album/photo/152718979
500.png,http://pic.pimg.tw/ronnywang/1429353299-3452673279.png,http://ronnywang.pixnet.net/album/photo/152718982
501.png,http://pic.pimg.tw/ronnywang/1429353326-3663250589.png,http://ronnywang.pixnet.net/album/photo/152718985
502.png,http://pic.pimg.tw/ronnywang/1429353373-2620400587.png,http://ronnywang.pixnet.net/album/photo/152718988
503.png,http://pic.pimg.tw/ronnywang/1429353402-616849449.png,http://ronnywang.pixnet.net/album/photo/152718991
504.png,http://pic.pimg.tw/ronnywang/1429353430-2853728074.png,http://ronnywang.pixnet.net/album/photo/152718994
505.png,http://pic.pimg.tw/ronnywang/1429353476-2827012738.png,http://ronnywang.pixnet.net/album/photo/152718997
506.png,http://pic.pimg.tw/ronnywang/1429353505-1227533131.png,http://ronnywang.pixnet.net/album/photo/152719000
507.png,http://pic.pimg.tw/ronnywang/1429353531-3899948735.png,http://ronnywang.pixnet.net/album/photo/152719009
508.png,http://pic.pimg.tw/ronnywang/1429353557-4107284392.png,http://ronnywang.pixnet.net/album/photo/152719021
509.png,http://pic.pimg.tw/ronnywang/1429353608-3494053534.png,http://ronnywang.pixnet.net/album/photo/152719030
510.png,http://pic.pimg.tw/ronnywang/1429353634-1855497369.png,http://ronnywang.pixnet.net/album/photo/152719033
511.png,http://pic.pimg.tw/ronnywang/1429353663-2054996528.png,http://ronnywang.pixnet.net/album/photo/152719039
512.png,http://pic.pimg.tw/ronnywang/1429353690-2274690439.png,http://ronnywang.pixnet.net/album/photo/152719045
513.png,http://pic.pimg.tw/ronnywang/1429353731-2934230570.png,http://ronnywang.pixnet.net/album/photo/152719048
514.png,http://pic.pimg.tw/ronnywang/1429353759-961983939.png,http://ronnywang.pixnet.net/album/photo/152719051
515.png,http://pic.pimg.tw/ronnywang/1429353782-3665482879.png,http://ronnywang.pixnet.net/album/photo/152719054
516.png,http://pic.pimg.tw/ronnywang/1429353808-2995944625.png,http://ronnywang.pixnet.net/album/photo/152719057
517.png,http://pic.pimg.tw/ronnywang/1429353828-2726820306.png,http://ronnywang.pixnet.net/album/photo/152719060
518.png,http://pic.pimg.tw/ronnywang/1429353884-2149459381.png,http://ronnywang.pixnet.net/album/photo/152719063
519.png,http://pic.pimg.tw/ronnywang/1429353911-4088954103.png,http://ronnywang.pixnet.net/album/photo/152719066
520.png,http://pic.pimg.tw/ronnywang/1429353935-2387329067.png,http://ronnywang.pixnet.net/album/photo/152719069
521.png,http://pic.pimg.tw/ronnywang/1429353962-1843367986.png,http://ronnywang.pixnet.net/album/photo/152719072
522.png,http://pic.pimg.tw/ronnywang/1429354026-1140205079.png,http://ronnywang.pixnet.net/album/photo/152719075
523.png,http://pic.pimg.tw/ronnywang/1429354069-4018044232.png,http://ronnywang.pixnet.net/album/photo/152719078
524.png,http://pic.pimg.tw/ronnywang/1429354094-3558699986.png,http://ronnywang.pixnet.net/album/photo/152719081
525.png,http://pic.pimg.tw/ronnywang/1429354136-3333489158.png,http://ronnywang.pixnet.net/album/photo/152719084
526.png,http://pic.pimg.tw/ronnywang/1429354168-1515795089.png,http://ronnywang.pixnet.net/album/photo/152719087
527.png,http://pic.pimg.tw/ronnywang/1429354209-2416266260.png,http://ronnywang.pixnet.net/album/photo/152719090
528.png,http://pic.pimg.tw/ronnywang/1429354240-4104903480.png,http://ronnywang.pixnet.net/album/photo/152719093
529.png,http://pic.pimg.tw/ronnywang/1429354263-2399020912.png,http://ronnywang.pixnet.net/album/photo/152719096
530.png,http://pic.pimg.tw/ronnywang/1429354303-3192238858.png,http://ronnywang.pixnet.net/album/photo/152719102
531.png,http://pic.pimg.tw/ronnywang/1429354333-2719436288.png,http://ronnywang.pixnet.net/album/photo/152719105
532.png,http://pic.pimg.tw/ronnywang/1429354359-2776835330.png,http://ronnywang.pixnet.net/album/photo/152719108
533.png,http://pic.pimg.tw/ronnywang/1429354388-4012427640.png,http://ronnywang.pixnet.net/album/photo/152719111
534.png,http://pic.pimg.tw/ronnywang/1429354428-4113740267.png,http://ronnywang.pixnet.net/album/photo/152719114
535.png,http://pic.pimg.tw/ronnywang/1429354455-1148542780.png,http://ronnywang.pixnet.net/album/photo/152719117
536.png,http://pic.pimg.tw/ronnywang/1429354486-3679055910.png,http://ronnywang.pixnet.net/album/photo/152719120
537.png,http://pic.pimg.tw/ronnywang/1429354517-3199008466.png,http://ronnywang.pixnet.net/album/photo/152719123
538.png,http://pic.pimg.tw/ronnywang/1429354548-2108965528.png,http://ronnywang.pixnet.net/album/photo/152719126
539.png,http://pic.pimg.tw/ronnywang/1429354577-1031334046.png,http://ronnywang.pixnet.net/album/photo/152719129
540.png,http://pic.pimg.tw/ronnywang/1429354606-846362457.png,http://ronnywang.pixnet.net/album/photo/152719132
541.png,http://pic.pimg.tw/ronnywang/1429354640-3376741567.png,http://ronnywang.pixnet.net/album/photo/152719135
542.png,http://pic.pimg.tw/ronnywang/1429354666-2097203209.png,http://ronnywang.pixnet.net/album/photo/152719138
543.png,http://pic.pimg.tw/ronnywang/1429354692-1886330345.png,http://ronnywang.pixnet.net/album/photo/152719141
544.png,http://pic.pimg.tw/ronnywang/1429354719-1013216331.png,http://ronnywang.pixnet.net/album/photo/152719144
545.png,http://pic.pimg.tw/ronnywang/1429354749-2372434382.png,http://ronnywang.pixnet.net/album/photo/152719147
546.png,http://pic.pimg.tw/ronnywang/1429354781-280264376.png,http://ronnywang.pixnet.net/album/photo/152719189
547.png,http://pic.pimg.tw/ronnywang/1429354898-3641134489.png,http://ronnywang.pixnet.net/album/photo/152719198
548.png,http://pic.pimg.tw/ronnywang/1429354924-1405673001.png,http://ronnywang.pixnet.net/album/photo/152719201
549.png,http://pic.pimg.tw/ronnywang/1429354950-4263025773.png,http://ronnywang.pixnet.net/album/photo/152719204
550.png,http://pic.pimg.tw/ronnywang/1429354977-1125835205.png,http://ronnywang.pixnet.net/album/photo/152719207
551.png,http://pic.pimg.tw/ronnywang/1429355009-2718287576.png,http://ronnywang.pixnet.net/album/photo/152719210
552.png,http://pic.pimg.tw/ronnywang/1429355037-4264676299.png,http://ronnywang.pixnet.net/album/photo/152719213
553.png,http://pic.pimg.tw/ronnywang/1429355064-3806014307.png,http://ronnywang.pixnet.net/album/photo/152719216
554.png,http://pic.pimg.tw/ronnywang/1429355091-3625583211.png,http://ronnywang.pixnet.net/album/photo/152719219
555.png,http://pic.pimg.tw/ronnywang/1429355132-1093916347.png,http://ronnywang.pixnet.net/album/photo/152719222
556.png,http://pic.pimg.tw/ronnywang/1429355161-3333740767.png,http://ronnywang.pixnet.net/album/photo/152719225
557.png,http://pic.pimg.tw/ronnywang/1429355192-916222462.png,http://ronnywang.pixnet.net/album/photo/152719228
558.png,http://pic.pimg.tw/ronnywang/1429355231-2824067354.png,http://ronnywang.pixnet.net/album/photo/152719231
559.png,http://pic.pimg.tw/ronnywang/1429355264-3194848704.png,http://ronnywang.pixnet.net/album/photo/152719234
560.png,http://pic.pimg.tw/ronnywang/1429355292-576101557.png,http://ronnywang.pixnet.net/album/photo/152719237
561.png,http://pic.pimg.tw/ronnywang/1429355320-3459821905.png,http://ronnywang.pixnet.net/album/photo/152719240
562.png,http://pic.pimg.tw/ronnywang/1429355353-3330105200.png,http://ronnywang.pixnet.net/album/photo/152719243
563.png,http://pic.pimg.tw/ronnywang/1429355393-2531890754.png,http://ronnywang.pixnet.net/album/photo/152719246
564.png,http://pic.pimg.tw/ronnywang/1429355425-3236547475.png,http://ronnywang.pixnet.net/album/photo/152719249
565.png,http://pic.pimg.tw/ronnywang/1429355493-3964293079.png,http://ronnywang.pixnet.net/album/photo/152719252
566.png,http://pic.pimg.tw/ronnywang/1429355524-1420615092.png,http://ronnywang.pixnet.net/album/photo/152719255
567.png,http://pic.pimg.tw/ronnywang/1429355556-1497453669.png,http://ronnywang.pixnet.net/album/photo/152719258
568.png,http://pic.pimg.tw/ronnywang/1429355588-3554853316.png,http://ronnywang.pixnet.net/album/photo/152719264
569.png,http://pic.pimg.tw/ronnywang/1429355693-1685255108.png,http://ronnywang.pixnet.net/album/photo/152719270
570.png,http://pic.pimg.tw/ronnywang/1429355726-1713753230.png,http://ronnywang.pixnet.net/album/photo/152719273
571.png,http://pic.pimg.tw/ronnywang/1429355756-4006157967.png,http://ronnywang.pixnet.net/album/photo/152719276
572.png,http://pic.pimg.tw/ronnywang/1429355779-2826538348.png,http://ronnywang.pixnet.net/album/photo/152719279
573.png,http://pic.pimg.tw/ronnywang/1429355809-1955200089.png,http://ronnywang.pixnet.net/album/photo/152719282
574.png,http://pic.pimg.tw/ronnywang/1429355836-1954951564.png,http://ronnywang.pixnet.net/album/photo/152719285
575.png,http://pic.pimg.tw/ronnywang/1429355862-3376043669.png,http://ronnywang.pixnet.net/album/photo/152719288
576.png,http://pic.pimg.tw/ronnywang/1429355887-1753359830.png,http://ronnywang.pixnet.net/album/photo/152719291
577.png,http://pic.pimg.tw/ronnywang/1429355925-2454714260.png,http://ronnywang.pixnet.net/album/photo/152719294
578.png,http://pic.pimg.tw/ronnywang/1429355982-1588046107.png,http://ronnywang.pixnet.net/album/photo/152719297
579.png,http://pic.pimg.tw/ronnywang/1429356009-4026535220.png,http://ronnywang.pixnet.net/album/photo/152719324
580.png,http://pic.pimg.tw/ronnywang/1429356033-3097577493.png,http://ronnywang.pixnet.net/album/photo/152719339
581.png,http://pic.pimg.tw/ronnywang/1429356058-847977570.png,http://ronnywang.pixnet.net/album/photo/152719342
582.png,http://pic.pimg.tw/ronnywang/1429356093-645603250.png,http://ronnywang.pixnet.net/album/photo/152719345
583.png,http://pic.pimg.tw/ronnywang/1429356119-2889770039.png,http://ronnywang.pixnet.net/album/photo/152719348
584.png,http://pic.pimg.tw/ronnywang/1429356149-2218274369.png,http://ronnywang.pixnet.net/album/photo/152719351
585.png,http://pic.pimg.tw/ronnywang/1429356181-1248153528.png,http://ronnywang.pixnet.net/album/photo/152719354
586.png,http://pic.pimg.tw/ronnywang/1429356210-713287922.png,http://ronnywang.pixnet.net/album/photo/152719357
587.png,http://pic.pimg.tw/ronnywang/1429356238-4278067229.png,http://ronnywang.pixnet.net/album/photo/152719360
588.png,http://pic.pimg.tw/ronnywang/1429356263-3305085863.png,http://ronnywang.pixnet.net/album/photo/152719363
589.png,http://pic.pimg.tw/ronnywang/1429356317-1744938699.png,http://ronnywang.pixnet.net/album/photo/152719366
590.png,http://pic.pimg.tw/ronnywang/1429356342-3114507920.png,http://ronnywang.pixnet.net/album/photo/152719369
591.png,http://pic.pimg.tw/ronnywang/1429356365-3355813959.png,http://ronnywang.pixnet.net/album/photo/152719372
592.png,http://pic.pimg.tw/ronnywang/1429356386-2187723880.png,http://ronnywang.pixnet.net/album/photo/152719375
593.png,http://pic.pimg.tw/ronnywang/1429356471-961073284.png,http://ronnywang.pixnet.net/album/photo/152719381
594.png,http://pic.pimg.tw/ronnywang/1429356499-3420323099.png,http://ronnywang.pixnet.net/album/photo/152719384
595.png,http://pic.pimg.tw/ronnywang/1429356531-2276584309.png,http://ronnywang.pixnet.net/album/photo/152719387
596.png,http://pic.pimg.tw/ronnywang/1429356562-1342192684.png,http://ronnywang.pixnet.net/album/photo/152719390
597.png,http://pic.pimg.tw/ronnywang/1429356709-3545388500.png,http://ronnywang.pixnet.net/album/photo/152719495
